﻿Designator,Footprint,Quantity,Value,LCSC Part #
"C1, C2, C3",0805,3,C,
"J1, J2, J3, J4, J5, J6, J7, J8, J9",PinHeader_1x02_P2.54mm_Vertical,9,Conn_01x02_Pin,
"J10, J11, J12, J13, J14, J15, J16, J17, J18, J19, J20, J21, J22, J23, J24, J25, J26, J27, J28, J29, J30, J31, J32, J33",JST_PH_B5B-PH-K_1x05_P2.00mm_Vertical,24,JST-PH 5-pin,
J34,JST_PH_B4B-PH-K_1x04_P2.00mm_Vertical,1,Conn_01x04_Pin,
J36,PinHeader_2x13_P2.54mm_Vertical,1,Conn_02x13_Top_Bottom,
"R1, R10, R11, R12, R13, R14, R15, R16, R17, R18, R2, R3, R4, R5, R6, R7, R8, R9",0805,18,R,
SW1,SW_SPST_CK_RS282G05A3,1,SW_Push,
"U1, U2, U3",SOP65P640X120-24N,3,TCA9548APWR,
